feature,abs_corr
FGA,0.8192160783487719
3PA,0.3850529419609181
3P%,0.2316940680396325
2P%,0.16773577779164023
MP,0.10846292634022273
Age,0.044106912640939584
FT%,0.04238611010979008
