{
  "overall": {
    "RMSE": 2.760663335513029,
    "MAE": 2.068347851886895,
    "R2": 0.7361713507743699
  }
}